{
    "0": {
        "effiency": 334.0742383089012,
        "solution": [
            18
        ],
        "closure_cost": 11.089441688140308
    },
    "1": {
        "effiency": 1593.8075159882487,
        "solution": [
            34,
            14,
            39
        ],
        "closure_cost": 80.96193899173889
    },
    "2": {
        "effiency": 10607.742904761604,
        "solution": [
            25
        ],
        "closure_cost": 793.8140067799256
    },
    "3": {
        "effiency": 1.274405298870685,
        "solution": [
            7
        ],
        "closure_cost": 0.2651510188466431
    },
    "4": {
        "effiency": 191.48308766617424,
        "solution": [
            33,
            33
        ],
        "closure_cost": 15.840576963606734
    },
    "5": {
        "effiency": 2585.585712578413,
        "solution": [
            4,
            27
        ],
        "closure_cost": 113.2979135107645
    },
    "6": {
        "effiency": 598.6768464647242,
        "solution": [
            42
        ],
        "closure_cost": 10.897846541461147
    },
    "7": {
        "effiency": 4346.6416782724755,
        "solution": [
            32
        ],
        "closure_cost": 396.7255524039852
    },
    "8": {
        "effiency": 823.291396804645,
        "solution": [
            41,
            39
        ],
        "closure_cost": 87.27329737473022
    },
    "9": {
        "effiency": 5625.133260984937,
        "solution": [
            16
        ],
        "closure_cost": 935.965984767687
    },
    "10": {
        "effiency": 1374.577593145907,
        "solution": [
            3,
            17,
            6
        ],
        "closure_cost": 59.18226060883662
    },
    "11": {
        "effiency": 1083.022482368455,
        "solution": [
            36,
            37,
            8
        ],
        "closure_cost": 19.56564735359761
    },
    "12": {
        "effiency": 16144.641475410006,
        "solution": [
            13
        ],
        "closure_cost": 1100.5449688236722
    },
    "13": {
        "effiency": 798.8590617917945,
        "solution": [
            33,
            34,
            3
        ],
        "closure_cost": 34.25095312176741
    },
    "14": {
        "effiency": 11403.803861617811,
        "solution": [
            28
        ],
        "closure_cost": 508.39454062529023
    },
    "15": {
        "effiency": 1418.423034176423,
        "solution": [
            11,
            48
        ],
        "closure_cost": 25.05258218345526
    },
    "16": {
        "effiency": 609.1189240623692,
        "solution": [
            10,
            10
        ],
        "closure_cost": 102.32911710710893
    },
    "17": {
        "effiency": 473.89392620900935,
        "solution": [
            26,
            33,
            7,
            12
        ],
        "closure_cost": 77.96577382385055
    },
    "18": {
        "effiency": 4003.2804534427523,
        "solution": [
            11,
            1
        ],
        "closure_cost": 92.80682655642715
    },
    "19": {
        "effiency": 2381.5683178429063,
        "solution": [
            6,
            14,
            8,
            3,
            15
        ],
        "closure_cost": 49.05567741525533
    },
    "20": {
        "effiency": 3357.2816160550838,
        "solution": [
            38,
            14,
            27
        ],
        "closure_cost": 125.0414256513707
    },
    "21": {
        "effiency": 95.74154383308712,
        "solution": [
            33
        ],
        "closure_cost": 7.920288481803367
    },
    "22": {
        "effiency": 545.6567779890061,
        "solution": [
            12,
            41
        ],
        "closure_cost": 86.54054136461784
    },
    "23": {
        "effiency": 2825.233805405786,
        "solution": [
            17,
            27
        ],
        "closure_cost": 132.91138014353396
    },
    "24": {
        "effiency": 2466.0658413172687,
        "solution": [
            14,
            7,
            14,
            39
        ],
        "closure_cost": 79.28558130225804
    },
    "25": {
        "effiency": 4346.6416782724755,
        "solution": [
            32
        ],
        "closure_cost": 396.7255524039852
    },
    "26": {
        "effiency": 296.5041066637099,
        "solution": [
            33,
            34,
            38
        ],
        "closure_cost": 34.923200640044286
    },
    "27": {
        "effiency": 10607.742904761604,
        "solution": [
            25
        ],
        "closure_cost": 793.8140067799256
    },
    "28": {
        "effiency": 401.30766401109236,
        "solution": [
            41,
            29
        ],
        "closure_cost": 31.088582836659594
    },
    "29": {
        "effiency": 1816.5580330942298,
        "solution": [
            36,
            20,
            38,
            15,
            34,
            0
        ],
        "closure_cost": 52.65139500422105
    },
    "budget": 185.4326149623179,
    "best_solution": {
        "cost": 92.80682655642715,
        "effiency": 4003.2804534427523,
        "solution": [
            11,
            1
        ]
    }
}